[
  {
    "id": "f01a1a79-4146-4a3a-b8da-257b9aa160df",
    "data": [
      {
        "text": "Order Status",
        "userDefined": false
      }
    ],
    "isTemplate": false,
    "count": 0,
    "lang": "en",
    "updated": 0
  },
  {
    "id": "53be4a5b-35a3-4e37-b62c-fdede3854e3e",
    "data": [
      {
        "text": "I want to know about my order",
        "userDefined": false
      }
    ],
    "isTemplate": false,
    "count": 0,
    "lang": "en",
    "updated": 0
  },
  {
    "id": "53c34a44-550d-4dfb-89f9-085402e79d0c",
    "data": [
      {
        "text": "I want to check my order status",
        "userDefined": false
      }
    ],
    "isTemplate": false,
    "count": 0,
    "lang": "en",
    "updated": 0
  }
]