[
  {
    "id": "4c13f3c8-57f1-4717-806d-2f007c842942",
    "data": [
      {
        "text": "31313",
        "meta": "@sys.number",
        "alias": "orderId",
        "userDefined": true
      }
    ],
    "isTemplate": false,
    "count": 0,
    "lang": "en",
    "updated": 0
  },
  {
    "id": "8b65af40-5bb5-46c1-ad7c-58769384c11f",
    "data": [
      {
        "text": "My order Id is ",
        "userDefined": false
      },
      {
        "text": "313131",
        "meta": "@sys.number",
        "alias": "orderId",
        "userDefined": true
      }
    ],
    "isTemplate": false,
    "count": 0,
    "lang": "en",
    "updated": 0
  }
]